{
    "id": "dfreds-effects-panel",
    "title": "DFreds Effects Panel",
    "description": "A FoundryVTT module that adds a panel of active effects for the selected tokens.",
    "author": "DFreds",
    "authors": [
        {
            "name": "DFreds",
            "url": "https://github.com/DFreds",
            "discord": "DFreds#1238"
        }
    ],
    "url": "https://github.com/DFreds/dfreds-effects-panel",
    "license": "https://github.com/DFreds/dfreds-effects-panel/blob/main/LICENSE",
    "readme": "https://github.com/DFreds/dfreds-effects-panel/blob/main/README.md",
    "bugs": "https://github.com/DFreds/dfreds-effects-panel/issues",
    "changelog": "https://github.com/DFreds/dfreds-effects-panel/releases",
    "flags": {},
    "version": "2.1.1",
    "compatibility": {
        "minimum": 10,
        "verified": "10.291",
        "maximum": 10
    },
    "scripts": [],
    "esmodules": [
        "./scripts/main.js"
    ],
    "styles": [
        "./styles/dfreds-effects-panel.css"
    ],
    "languages": [
        {
            "lang": "en",
            "name": "English",
            "path": "lang/en.json"
        }
    ],
    "packs": [],
    "relationships": {
        "systems": [],
        "requires": []
    },
    "socket": false,
    "manifest": "https://github.com/DFreds/dfreds-effects-panel/releases/latest/download/module.json",
    "download": "https://github.com/DFreds/dfreds-effects-panel/releases/download/v2.1.1/dfreds-effects-panel.zip",
    "protected": false,
    "coreTranslation": false
}